Orden;PRIMER APELLIDO
1;GARCIA
2;RODRIGUEZ
3;GONZALEZ
4;FERNANDEZ
5;LOPEZ
6;MARTINEZ
7;SANCHEZ
8;PEREZ
9;GOMEZ
10;MARTIN
11;JIMENEZ
12;HERNANDEZ
13;RUIZ
14;DIAZ
15;MORENO
16;MUÑOZ
17;ALVAREZ
18;ROMERO
19;GUTIERREZ
20;ALONSO
21;NAVARRO
22;TORRES
23;DOMINGUEZ
24;RAMIREZ
25;RAMOS
26;VAZQUEZ
27;GIL
28;SERRANO
29;MORALES
30;MOLINA
31;SUAREZ
32;BLANCO
33;CASTRO
34;DELGADO
35;ORTEGA
36;ORTIZ
37;MARIN
38;RUBIO
39;NUÑEZ
40;MEDINA
41;CASTILLO
42;SANZ
43;CORTES
44;IGLESIAS
45;SANTOS
46;GARRIDO
47;GUERRERO
48;LOZANO
49;CANO
50;CRUZ
51;FLORES
52;MENDEZ
53;HERRERA
54;PRIETO
55;PEÑA
56;LEON
57;MARQUEZ
58;CABRERA
59;GALLEGO
60;CALVO
61;VIDAL
62;REYES
63;CAMPOS
64;VEGA
65;FUENTES
66;CARRASCO
67;AGUILAR
68;CABALLERO
69;DIEZ
70;NIETO
71;VARGAS
72;SANTANA
73;GIMENEZ
74;HIDALGO
75;MONTERO
76;PASCUAL
77;HERRERO
78;LORENZO
79;SANTIAGO
80;BENITEZ
81;DURAN
82;ARIAS
83;MORA
84;IBAÑEZ
85;ROJAS
86;FERRER
87;CARMONA
88;VICENTE
89;SOTO
90;CRESPO
91;ROMAN
92;PARRA
93;PASTOR
94;VELASCO
95;RIVERA
96;SAEZ
97;SILVA
98;BRAVO
99;MOYA
100;GALLARDO
