codPRO;codMUM;nombre
5;1;Adanero
5;2;Adrada, La
5;5;Albornos
5;7;Aldeanueva de Santa Cruz
5;8;Aldeaseca
5;10;Aldehuela, La
5;12;Amavida
5;13;Arenal, El
5;14;Arenas de San Pedro
5;15;Arevalillo
5;16;Arévalo
5;17;Aveinte
5;18;Avellaneda
5;19;Ávila
5;21;Barco de Ávila, El
5;22;Barraco, El
5;23;Barromán
5;24;Becedas
5;25;Becedillas
5;26;Bercial de Zapardiel
5;27;Berlanas, Las
5;29;Bernuy-Zapardiel
5;30;Berrocalejo de Aragona
5;33;Blascomillán
5;34;Blasconuño de Matacabras
5;35;Blascosancho
5;36;Bohodón, El
5;37;Bohoyo
5;38;Bonilla de la Sierra
5;39;Brabos
5;40;Bularros
5;41;Burgohondo
5;42;Cabezas de Alambre
5;43;Cabezas del Pozo
5;44;Cabezas del Villar
5;45;Cabizuela
5;46;Canales
5;47;Candeleda
5;48;Cantiveros
5;49;Cardeñosa
5;51;Carrera, La
5;52;Casas del Puerto
5;53;Casasola
5;54;Casavieja
5;55;Casillas
5;56;Castellanos de Zapardiel
5;57;Cebreros
5;58;Cepeda la Mora
5;67;Chamartín
5;59;Cillán
5;60;Cisla
5;61;Colilla, La
5;62;Collado de Contreras
5;63;Collado del Mirón
5;64;Constanzana
5;65;Crespos
5;66;Cuevas del Valle
5;903;Diego del Carpio
5;69;Donjimeno
5;70;Donvidas
5;72;Espinosa de los Caballeros
5;73;Flores de Ávila
5;74;Fontiveros
5;75;Fresnedilla
5;76;Fresno, El
5;77;Fuente el Saúz
5;78;Fuentes de Año
5;79;Gallegos de Altamiros
5;80;Gallegos de Sobrinos
5;81;Garganta del Villar
5;82;Gavilanes
5;83;Gemuño
5;85;Gil García
5;84;Gilbuena
5;86;Gimialcón
5;87;Gotarrendura
5;88;Grandes y San Martín
5;89;Guisando
5;90;Gutierre-Muñoz
5;92;Hernansancho
5;93;Herradón de Pinares
5;94;Herreros de Suso
5;95;Higuera de las Dueñas
5;96;Hija de Dios, La
5;97;Horcajada, La
5;99;Horcajo de las Torres
5;100;Hornillo, El
5;102;Hoyo de Pinares, El
5;101;Hoyocasero
5;103;Hoyorredondo
5;106;Hoyos de Miguel Muñoz
5;104;Hoyos del Collado
5;105;Hoyos del Espino
5;107;Hurtumpascual
5;108;Junciana
5;109;Langa
5;110;Lanzahíta
5;113;Llanos de Tormes, Los
5;112;Losar del Barco, El
5;114;Madrigal de las Altas Torres
5;115;Maello
5;116;Malpartida de Corneja
5;117;Mamblas
5;118;Mancera de Arriba
5;119;Manjabálago y Ortigosa de Rioalmar
5;120;Marlín
5;121;Martiherrero
5;122;Martínez
5;123;Mediana de Voltoya
5;124;Medinilla
5;125;Mengamuñoz
5;126;Mesegar de Corneja
5;127;Mijares
5;128;Mingorría
5;129;Mirón, El
5;130;Mironcillo
5;131;Mirueña de los Infanzones
5;132;Mombeltrán
5;133;Monsalupe
5;134;Moraleja de Matacabras
5;135;Muñana
5;136;Muñico
5;138;Muñogalindo
5;139;Muñogrande
5;140;Muñomer del Peco
5;141;Muñopepe
5;142;Muñosancho
5;143;Muñotello
5;144;Narrillos del Álamo
5;145;Narrillos del Rebollar
5;149;Narros de Saldueña
5;147;Narros del Castillo
5;148;Narros del Puerto
5;152;Nava de Arévalo
5;153;Nava del Barco
5;151;Navacepedilla de Corneja
5;154;Navadijos
5;155;Navaescurial
5;156;Navahondilla
5;157;Navalacruz
5;158;Navalmoral
5;159;Navalonguilla
5;160;Navalosa
5;161;Navalperal de Pinares
5;162;Navalperal de Tormes
5;163;Navaluenga
5;164;Navaquesera
5;165;Navarredonda de Gredos
5;166;Navarredondilla
5;167;Navarrevisca
5;168;Navas del Marqués, Las
5;169;Navatalgordo
5;170;Navatejares
5;171;Neila de San Miguel
5;172;Niharra
5;173;Ojos-Albos
5;174;Orbita
5;175;Oso, El
5;176;Padiernos
5;177;Pajares de Adaja
5;178;Palacios de Goda
5;179;Papatrigo
5;180;Parral, El
5;181;Pascualcobo
5;182;Pedro Bernardo
5;183;Pedro-Rodríguez
5;184;Peguerinos
5;185;Peñalba de Ávila
5;186;Piedrahíta
5;187;Piedralaves
5;188;Poveda
5;189;Poyales del Hoyo
5;190;Pozanco
5;191;Pradosegar
5;192;Puerto Castilla
5;193;Rasueros
5;194;Riocabado
5;195;Riofrío
5;196;Rivilla de Barajas
5;197;Salobral
5;198;Salvadiós
5;199;San Bartolomé de Béjar
5;200;San Bartolomé de Corneja
5;201;San Bartolomé de Pinares
5;206;San Esteban de los Patos
5;208;San Esteban de Zapardiel
5;207;San Esteban del Valle
5;209;San García de Ingelmos
5;901;San Juan de Gredos
5;210;San Juan de la Encinilla
5;211;San Juan de la Nava
5;212;San Juan del Molinillo
5;213;San Juan del Olmo
5;214;San Lorenzo de Tormes
5;215;San Martín de la Vega del Alberche
5;216;San Martín del Pimpollar
5;217;San Miguel de Corneja
5;218;San Miguel de Serrezuela
5;219;San Pascual
5;220;San Pedro del Arroyo
5;231;San Vicente de Arévalo
5;204;Sanchidrián
5;205;Sanchorreja
5;222;Santa Cruz de Pinares
5;221;Santa Cruz del Valle
5;226;Santa María de los Caballeros
5;224;Santa María del Arroyo
5;225;Santa María del Berrocal
5;902;Santa María del Cubillo
5;227;Santa María del Tiétar
5;228;Santiago del Collado
5;904;Santiago del Tormes
5;229;Santo Domingo de las Posadas
5;230;Santo Tomé de Zabarcos
5;232;Serrada, La
5;233;Serranillos
5;234;Sigeres
5;235;Sinlabajos
5;236;Solana de Ávila
5;237;Solana de Rioalmar
5;238;Solosancho
5;239;Sotalbo
5;240;Sotillo de la Adrada
5;241;Tiemblo, El
5;242;Tiñosillos
5;243;Tolbaños
5;244;Tormellas
5;245;Tornadizos de Ávila
5;247;Torre, La
5;246;Tórtoles
5;249;Umbrías
5;251;Vadillo de la Sierra
5;252;Valdecasa
5;253;Vega de Santa María
5;254;Velayos
5;256;Villaflor
5;257;Villafranca de la Sierra
5;905;Villanueva de Ávila
5;258;Villanueva de Gómez
5;259;Villanueva del Aceral
5;260;Villanueva del Campillo
5;261;Villar de Corneja
5;262;Villarejo del Valle
5;263;Villatoro
5;264;Viñegra de Moraña
5;265;Vita
5;266;Zapardiel de la Cañada
5;267;Zapardiel de la Ribera
9;1;Abajas
9;3;Adrada de Haza
9;6;Aguas Cándidas
9;7;Aguilar de Bureba
9;9;Albillos
9;10;Alcocero de Mola
9;11;Alfoz de Bricia
9;907;Alfoz de Quintanadueñas
9;12;Alfoz de Santa Gadea
9;13;Altable
9;14;Altos, Los
9;16;Ameyugo
9;17;Anguix
9;18;Aranda de Duero
9;19;Arandilla
9;20;Arauzo de Miel
9;21;Arauzo de Salce
9;22;Arauzo de Torre
9;23;Arcos
9;24;Arenillas de Riopisuerga
9;25;Arija
9;26;Arlanzón
9;27;Arraya de Oca
9;29;Atapuerca
9;30;Ausines, Los
9;32;Avellanosa de Muñó
9;33;Bahabón de Esgueva
9;34;Balbases, Los
9;35;Baños de Valdearados
9;36;Bañuelos de Bureba
9;37;Barbadillo de Herreros
9;38;Barbadillo del Mercado
9;39;Barbadillo del Pez
9;41;Barrio de Muñó
9;43;Barrios de Bureba, Los
9;44;Barrios de Colina
9;45;Basconcillos del Tozo
9;46;Bascuñana
9;47;Belbimbre
9;48;Belorado
9;50;Berberana
9;51;Berlangas de Roa
9;52;Berzosa de Bureba
9;54;Bozoó
9;55;Brazacorta
9;56;Briviesca
9;57;Bugedo
9;58;Buniel
9;59;Burgos
9;60;Busto de Bureba
9;61;Cabañes de Esgueva
9;62;Cabezón de la Sierra
9;64;Caleruega
9;65;Campillo de Aranda
9;66;Campolara
9;67;Canicosa de la Sierra
9;68;Cantabrana
9;70;Carazo
9;71;Carcedo de Bureba
9;72;Carcedo de Burgos
9;73;Cardeñadijo
9;74;Cardeñajimeno
9;75;Cardeñuela Riopico
9;76;Carrias
9;77;Cascajares de Bureba
9;78;Cascajares de la Sierra
9;79;Castellanos de Castro
9;83;Castil de Peones
9;82;Castildelgado
9;84;Castrillo de la Reina
9;85;Castrillo de la Vega
9;88;Castrillo de Riopisuerga
9;86;Castrillo del Val
9;90;Castrillo Mota de Judíos
9;91;Castrojeriz
9;63;Cavia
9;93;Cayuela
9;94;Cebrecos
9;95;Celada del Camino
9;98;Cerezo de Río Tirón
9;100;Cerratón de Juarros
9;101;Ciadoncha
9;102;Cillaperlata
9;103;Cilleruelo de Abajo
9;104;Cilleruelo de Arriba
9;105;Ciruelos de Cervera
9;108;Cogollos
9;109;Condado de Treviño
9;110;Contreras
9;112;Coruña del Conde
9;113;Covarrubias
9;114;Cubillo del Campo
9;115;Cubo de Bureba
9;117;Cueva de Roa, La
9;119;Cuevas de San Clemente
9;120;Encío
9;122;Espinosa de Cervera
9;124;Espinosa de los Monteros
9;123;Espinosa del Camino
9;125;Estépar
9;127;Fontioso
9;128;Frandovínez
9;129;Fresneda de la Sierra Tirón
9;130;Fresneña
9;131;Fresnillo de las Dueñas
9;132;Fresno de Río Tirón
9;133;Fresno de Rodilla
9;134;Frías
9;135;Fuentebureba
9;136;Fuentecén
9;137;Fuentelcésped
9;138;Fuentelisendo
9;139;Fuentemolinos
9;140;Fuentenebro
9;141;Fuentespina
9;143;Galbarros
9;144;Gallega, La
9;148;Grijalba
9;149;Grisaleña
9;151;Gumiel de Izán
9;152;Gumiel de Mercado
9;154;Hacinas
9;155;Haza
9;159;Hontanas
9;160;Hontangas
9;162;Hontoria de la Cantera
9;164;Hontoria de Valdearados
9;163;Hontoria del Pinar
9;166;Hormazas, Las
9;167;Hornillos del Camino
9;168;Horra, La
9;169;Hortigüela
9;170;Hoyales de Roa
9;172;Huérmeces
9;173;Huerta de Arriba
9;174;Huerta de Rey
9;175;Humada
9;176;Hurones
9;177;Ibeas de Juarros
9;178;Ibrillos
9;179;Iglesiarrubia
9;180;Iglesias
9;181;Isar
9;182;Itero del Castillo
9;183;Jaramillo de la Fuente
9;184;Jaramillo Quemado
9;189;Junta de Traslaloma
9;190;Junta de Villalba de Losa
9;191;Jurisdicción de Lara
9;192;Jurisdicción de San Zadornil
9;194;Lerma
9;195;Llano de Bureba
9;196;Madrigal del Monte
9;197;Madrigalejo del Monte
9;198;Mahamud
9;199;Mambrilla de Castrejón
9;200;Mambrillas de Lara
9;201;Mamolar
9;202;Manciles
9;206;Mazuela
9;208;Mecerreyes
9;209;Medina de Pomar
9;211;Melgar de Fernamental
9;213;Merindad de Cuesta-Urria
9;214;Merindad de Montija
9;906;Merindad de Río Ubierna
9;215;Merindad de Sotoscueva
9;216;Merindad de Valdeporres
9;217;Merindad de Valdivielso
9;218;Milagros
9;219;Miranda de Ebro
9;220;Miraveche
9;221;Modúbar de la Emparedada
9;223;Monasterio de la Sierra
9;224;Monasterio de Rodilla
9;225;Moncalvillo
9;226;Monterrubio de la Demanda
9;227;Montorio
9;228;Moradillo de Roa
9;229;Nava de Roa
9;230;Navas de Bureba
9;231;Nebreda
9;232;Neila
9;235;Olmedillo de Roa
9;236;Olmillos de Muñó
9;238;Oña
9;239;Oquillas
9;241;Orbaneja Riopico
9;242;Padilla de Abajo
9;243;Padilla de Arriba
9;244;Padrones de Bureba
9;246;Palacios de la Sierra
9;247;Palacios de Riopisuerga
9;248;Palazuelos de la Sierra
9;249;Palazuelos de Muñó
9;250;Pampliega
9;251;Pancorbo
9;253;Pardilla
9;255;Partido de la Sierra en Tobalina
9;256;Pedrosa de Duero
9;259;Pedrosa de Río Úrbel
9;257;Pedrosa del Páramo
9;258;Pedrosa del Príncipe
9;261;Peñaranda de Duero
9;262;Peral de Arlanza
9;265;Piérnigas
9;266;Pineda de la Sierra
9;267;Pineda Trasmonte
9;268;Pinilla de los Barruecos
9;269;Pinilla de los Moros
9;270;Pinilla Trasmonte
9;272;Poza de la Sal
9;273;Prádanos de Bureba
9;274;Pradoluengo
9;275;Presencio
9;276;Puebla de Arganzón, La
9;277;Puentedura
9;279;Quemada
9;281;Quintana del Pidio
9;280;Quintanabureba
9;283;Quintanaélez
9;287;Quintanaortuño
9;288;Quintanapalla
9;289;Quintanar de la Sierra
9;292;Quintanavides
9;294;Quintanilla de la Mata
9;901;Quintanilla del Agua y Tordueles
9;295;Quintanilla del Coco
9;298;Quintanilla San García
9;301;Quintanilla Vivar
9;297;Quintanillas, Las
9;302;Rabanera del Pinar
9;303;Rábanos
9;304;Rabé de las Calzadas
9;306;Rebolledo de la Torre
9;307;Redecilla del Camino
9;308;Redecilla del Campo
9;309;Regumiel de la Sierra
9;310;Reinoso
9;311;Retuerta
9;314;Revilla del Campo
9;316;Revilla Vallejera
9;312;Revilla y Ahedo, La
9;315;Revillarruz
9;317;Rezmondo
9;318;Riocavado de la Sierra
9;321;Roa
9;323;Rojas
9;325;Royuela de Río Franco
9;326;Rubena
9;327;Rublacedo de Abajo
9;328;Rucandio
9;329;Salas de Bureba
9;330;Salas de los Infantes
9;332;Saldaña de Burgos
9;334;Salinillas de Bureba
9;335;San Adrián de Juarros
9;337;San Juan del Monte
9;338;San Mamés de Burgos
9;339;San Martín de Rubiales
9;340;San Millán de Lara
9;360;San Vicente del Valle
9;343;Santa Cecilia
9;345;Santa Cruz de la Salceda
9;346;Santa Cruz del Valle Urbión
9;347;Santa Gadea del Cid
9;348;Santa Inés
9;350;Santa María del Campo
9;351;Santa María del Invierno
9;352;Santa María del Mercadillo
9;353;Santa María Ribarredonda
9;354;Santa Olalla de Bureba
9;355;Santibáñez de Esgueva
9;356;Santibáñez del Val
9;358;Santo Domingo de Silos
9;361;Sargentes de la Lora
9;362;Sarracín
9;363;Sasamón
9;365;Sequera de Haza, La
9;366;Solarana
9;368;Sordillos
9;369;Sotillo de la Ribera
9;372;Sotragero
9;373;Sotresgudo
9;374;Susinos del Páramo
9;375;Tamarón
9;377;Tardajos
9;378;Tejada
9;380;Terradillos de Esgueva
9;381;Tinieblas de la Sierra
9;382;Tobar
9;384;Tordómar
9;386;Torrecilla del Monte
9;387;Torregalindo
9;388;Torrelara
9;389;Torrepadre
9;390;Torresandino
9;391;Tórtoles de Esgueva
9;392;Tosantos
9;394;Trespaderne
9;395;Tubilla del Agua
9;396;Tubilla del Lago
9;398;Úrbel del Castillo
9;400;Vadocondes
9;403;Valdeande
9;405;Valdezate
9;406;Valdorros
9;408;Vallarta de Bureba
9;904;Valle de las Navas
9;908;Valle de Losa
9;409;Valle de Manzanedo
9;410;Valle de Mena
9;411;Valle de Oca
9;902;Valle de Santibáñez
9;905;Valle de Sedano
9;412;Valle de Tobalina
9;413;Valle de Valdebezana
9;414;Valle de Valdelaguna
9;415;Valle de Valdelucio
9;416;Valle de Zamanzas
9;417;Vallejera
9;418;Valles de Palenzuela
9;419;Valluércanes
9;407;Valmala
9;422;Vid de Bureba, La
9;421;Vid y Barrios, La
9;423;Vileña
9;427;Villadiego
9;428;Villaescusa de Roa
9;429;Villaescusa la Sombría
9;430;Villaespasa
9;431;Villafranca Montes de Oca
9;432;Villafruela
9;433;Villagalijo
9;434;Villagonzalo Pedernales
9;437;Villahoz
9;438;Villalba de Duero
9;439;Villalbilla de Burgos
9;440;Villalbilla de Gumiel
9;441;Villaldemiro
9;442;Villalmanzo
9;443;Villamayor de los Montes
9;444;Villamayor de Treviño
9;445;Villambistia
9;446;Villamedianilla
9;447;Villamiel de la Sierra
9;448;Villangómez
9;449;Villanueva de Argaño
9;450;Villanueva de Carazo
9;451;Villanueva de Gumiel
9;454;Villanueva de Teba
9;455;Villaquirán de la Puebla
9;456;Villaquirán de los Infantes
9;903;Villarcayo de Merindad de Castilla la Vieja
9;458;Villariezo
9;460;Villasandino
9;463;Villasur de Herreros
9;464;Villatuelda
9;466;Villaverde del Monte
9;467;Villaverde-Mogina
9;471;Villayerno Morquillas
9;472;Villazopeque
9;473;Villegas
9;476;Villoruebo
9;424;Viloria de Rioja
9;425;Vilviestre del Pinar
9;478;Vizcaínos
9;480;Zael
9;482;Zarzosa de Río Pisuerga
9;483;Zazuar
9;485;Zuñeda
24;1;Acebedo
24;2;Algadefe
24;3;Alija del Infantado
24;4;Almanza
24;5;Antigua, La
24;6;Ardón
24;7;Arganza
24;8;Astorga
24;9;Balboa
24;10;Bañeza, La
24;11;Barjas
24;12;Barrios de Luna, Los
24;14;Bembibre
24;15;Benavides
24;16;Benuza
24;17;Bercianos del Páramo
24;18;Bercianos del Real Camino
24;19;Berlanga del Bierzo
24;20;Boca de Huérgano
24;21;Boñar
24;22;Borrenes
24;23;Brazuelo
24;24;Burgo Ranero, El
24;25;Burón
24;26;Bustillo del Páramo
24;27;Cabañas Raras
24;28;Cabreros del Río
24;29;Cabrillanes
24;30;Cacabelos
24;31;Calzada del Coto
24;32;Campazas
24;33;Campo de Villavidel
24;34;Camponaraya
24;37;Cármenes
24;38;Carracedelo
24;39;Carrizo
24;40;Carrocera
24;41;Carucedo
24;42;Castilfalé
24;43;Castrillo de Cabrera
24;44;Castrillo de la Valduerna
24;46;Castrocalbón
24;47;Castrocontrigo
24;49;Castropodame
24;50;Castrotierra de Valmadrigal
24;51;Cea
24;52;Cebanico
24;53;Cebrones del Río
24;65;Chozas de Abajo
24;54;Cimanes de la Vega
24;55;Cimanes del Tejar
24;56;Cistierna
24;57;Congosto
24;58;Corbillos de los Oteros
24;59;Corullón
24;60;Crémenes
24;61;Cuadros
24;62;Cubillas de los Oteros
24;63;Cubillas de Rueda
24;64;Cubillos del Sil
24;66;Destriana
24;67;Encinedo
24;68;Ercina, La
24;69;Escobar de Campos
24;70;Fabero
24;71;Folgoso de la Ribera
24;73;Fresno de la Vega
24;74;Fuentes de Carbajal
24;76;Garrafe de Torío
24;77;Gordaliza del Pino
24;78;Gordoncillo
24;79;Gradefes
24;80;Grajal de Campos
24;81;Gusendos de los Oteros
24;82;Hospital de Órbigo
24;83;Igüeña
24;84;Izagre
24;86;Joarilla de las Matas
24;87;Laguna Dalga
24;88;Laguna de Negrillos
24;89;León
24;92;Llamas de la Ribera
24;90;Lucillo
24;91;Luyego
24;93;Magaz de Cepeda
24;94;Mansilla de las Mulas
24;95;Mansilla Mayor
24;96;Maraña
24;97;Matadeón de los Oteros
24;98;Matallana de Torío
24;99;Matanza
24;100;Molinaseca
24;101;Murias de Paredes
24;102;Noceda del Bierzo
24;103;Oencia
24;104;Omañas, Las
24;105;Onzonilla
24;106;Oseja de Sajambre
24;107;Pajares de los Oteros
24;108;Palacios de la Valduerna
24;109;Palacios del Sil
24;110;Páramo del Sil
24;112;Peranzanes
24;113;Pobladura de Pelayo García
24;114;Pola de Gordón, La
24;115;Ponferrada
24;116;Posada de Valdeón
24;117;Pozuelo del Páramo
24;118;Prado de la Guzpeña
24;119;Priaranza del Bierzo
24;120;Prioro
24;121;Puebla de Lillo
24;122;Puente de Domingo Flórez
24;123;Quintana del Castillo
24;124;Quintana del Marco
24;125;Quintana y Congosto
24;127;Regueras de Arriba
24;129;Reyero
24;130;Riaño
24;131;Riego de la Vega
24;132;Riello
24;133;Rioseco de Tapia
24;134;Robla, La
24;136;Roperuelos del Páramo
24;137;Sabero
24;139;Sahagún
24;141;San Adrián del Valle
24;142;San Andrés del Rabanedo
24;144;San Cristóbal de la Polantera
24;145;San Emiliano
24;146;San Esteban de Nogales
24;148;San Justo de la Vega
24;149;San Millán de los Caballeros
24;150;San Pedro Bercianos
24;143;Sancedo
24;151;Santa Colomba de Curueño
24;152;Santa Colomba de Somoza
24;153;Santa Cristina de Valmadrigal
24;154;Santa Elena de Jamuz
24;155;Santa María de la Isla
24;158;Santa María de Ordás
24;156;Santa María del Monte de Cea
24;157;Santa María del Páramo
24;159;Santa Marina del Rey
24;160;Santas Martas
24;161;Santiago Millas
24;162;Santovenia de la Valdoncina
24;163;Sariegos
24;164;Sena de Luna
24;165;Sobrado
24;166;Soto de la Vega
24;167;Soto y Amío
24;168;Toral de los Guzmanes
24;206;Toral de los Vados
24;169;Toreno
24;170;Torre del Bierzo
24;171;Trabadelo
24;172;Truchas
24;173;Turcia
24;174;Urdiales del Páramo
24;185;Val de San Lorenzo
24;175;Valdefresno
24;176;Valdefuentes del Páramo
24;177;Valdelugueros
24;178;Valdemora
24;179;Valdepiélago
24;180;Valdepolo
24;181;Valderas
24;182;Valderrey
24;183;Valderrueda
24;184;Valdesamario
24;187;Valdevimbre
24;188;Valencia de Don Juan
24;36;Valle de Ancares
24;191;Vallecillo
24;189;Valverde de la Virgen
24;190;Valverde-Enrique
24;193;Vecilla, La
24;196;Vega de Espinareda
24;197;Vega de Infanzones
24;198;Vega de Valcarce
24;194;Vegacervera
24;199;Vegaquemada
24;201;Vegas del Condado
24;202;Villablino
24;203;Villabraz
24;205;Villadangos del Páramo
24;207;Villademor de la Vega
24;209;Villafranca del Bierzo
24;210;Villagatón
24;211;Villamandos
24;901;Villamanín
24;212;Villamañán
24;213;Villamartín de Don Sancho
24;214;Villamejil
24;215;Villamol
24;216;Villamontán de la Valduerna
24;217;Villamoratiel de las Matas
24;218;Villanueva de las Manzanas
24;219;Villaobispo de Otero
24;902;Villaornate y Castro
24;221;Villaquejida
24;222;Villaquilambre
24;223;Villarejo de Órbigo
24;224;Villares de Órbigo
24;225;Villasabariego
24;226;Villaselán
24;227;Villaturiel
24;228;Villazala
24;229;Villazanzo de Valderaduey
24;230;Zotes del Páramo
34;1;Abarca de Campos
34;3;Abia de las Torres
34;4;Aguilar de Campoo
34;5;Alar del Rey
34;6;Alba de Cerrato
34;9;Amayuelas de Arriba
34;10;Ampudia
34;11;Amusco
34;12;Antigüedad
34;15;Arconada
34;17;Astudillo
34;18;Autilla del Pino
34;19;Autillo de Campos
34;20;Ayuela
34;22;Baltanás
34;24;Baquerín de Campos
34;25;Bárcena de Campos
34;27;Barruelo de Santullán
34;28;Báscones de Ojeda
34;29;Becerril de Campos
34;31;Belmonte de Campos
34;32;Berzosilla
34;33;Boada de Campos
34;35;Boadilla de Rioseco
34;34;Boadilla del Camino
34;36;Brañosera
34;37;Buenavista de Valdavia
34;38;Bustillo de la Vega
34;39;Bustillo del Páramo de Carrión
34;41;Calahorra de Boedo
34;42;Calzada de los Molinos
34;45;Capillas
34;46;Cardeñosa de Volpejera
34;47;Carrión de los Condes
34;48;Castil de Vela
34;49;Castrejón de la Peña
34;50;Castrillo de Don Juan
34;51;Castrillo de Onielo
34;52;Castrillo de Villavega
34;53;Castromocho
34;55;Cervatos de la Cueza
34;56;Cervera de Pisuerga
34;57;Cevico de la Torre
34;58;Cevico Navero
34;59;Cisneros
34;60;Cobos de Cerrato
34;61;Collazos de Boedo
34;62;Congosto de Valdavia
34;63;Cordovilla la Real
34;66;Cubillas de Cerrato
34;67;Dehesa de Montejo
34;68;Dehesa de Romanos
34;69;Dueñas
34;70;Espinosa de Cerrato
34;71;Espinosa de Villagonzalo
34;72;Frechilla
34;73;Fresno del Río
34;74;Frómista
34;76;Fuentes de Nava
34;77;Fuentes de Valdepero
34;79;Grijota
34;80;Guardo
34;81;Guaza de Campos
34;82;Hérmedes de Cerrato
34;83;Herrera de Pisuerga
34;84;Herrera de Valdecañas
34;86;Hontoria de Cerrato
34;87;Hornillos de Cerrato
34;88;Husillos
34;89;Itero de la Vega
34;91;Lagartos
34;92;Lantadilla
34;94;Ledigos
34;903;Loma de Ucieza
34;96;Lomas
34;98;Magaz de Pisuerga
34;99;Manquillos
34;100;Mantinos
34;101;Marcilla de Campos
34;102;Mazariegos
34;103;Mazuecos de Valdeginate
34;104;Melgar de Yuso
34;106;Meneses de Campos
34;107;Micieces de Ojeda
34;108;Monzón de Campos
34;109;Moratinos
34;110;Mudá
34;112;Nogal de las Huertas
34;113;Olea de Boedo
34;114;Olmos de Ojeda
34;116;Osornillo
34;901;Osorno la Mayor
34;120;Palencia
34;121;Palenzuela
34;122;Páramo de Boedo
34;123;Paredes de Nava
34;124;Payo de Ojeda
34;125;Pedraza de Campos
34;126;Pedrosa de la Vega
34;127;Perales
34;904;Pernía, La
34;129;Pino del Río
34;130;Piña de Campos
34;131;Población de Arroyo
34;132;Población de Campos
34;133;Población de Cerrato
34;134;Polentinos
34;135;Pomar de Valdivia
34;136;Poza de la Vega
34;137;Pozo de Urama
34;139;Prádanos de Ojeda
34;140;Puebla de Valdavia, La
34;141;Quintana del Puente
34;143;Quintanilla de Onsoña
34;146;Reinoso de Cerrato
34;147;Renedo de la Vega
34;149;Requena de Campos
34;151;Respenda de la Peña
34;152;Revenga de Campos
34;154;Revilla de Collazos
34;155;Ribas de Campos
34;156;Riberos de la Cueza
34;157;Saldaña
34;158;Salinas de Pisuerga
34;159;San Cebrián de Campos
34;160;San Cebrián de Mudá
34;161;San Cristóbal de Boedo
34;163;San Mamés de Campos
34;165;San Román de la Cuba
34;167;Santa Cecilia del Alcor
34;168;Santa Cruz de Boedo
34;169;Santervás de la Vega
34;170;Santibáñez de Ecla
34;171;Santibáñez de la Peña
34;174;Santoyo
34;175;Serna, La
34;177;Soto de Cerrato
34;176;Sotobañado y Priorato
34;178;Tabanera de Cerrato
34;179;Tabanera de Valdavia
34;180;Támara de Campos
34;181;Tariego de Cerrato
34;182;Torquemada
34;184;Torremormojón
34;185;Triollo
34;186;Valbuena de Pisuerga
34;189;Valdeolmillos
34;190;Valderrábano
34;192;Valde-Ucieza
34;196;Valle de Cerrato
34;902;Valle del Retortillo
34;199;Velilla del Río Carrión
34;23;Venta de Baños
34;201;Vertavillo
34;93;Vid de Ojeda, La
34;202;Villabasta de Valdavia
34;204;Villacidaler
34;205;Villaconancio
34;206;Villada
34;208;Villaeles de Valdavia
34;210;Villahán
34;211;Villaherreros
34;213;Villalaco
34;214;Villalba de Guardo
34;215;Villalcázar de Sirga
34;216;Villalcón
34;217;Villalobón
34;218;Villaluenga de la Vega
34;220;Villamartín de Campos
34;221;Villamediana
34;222;Villameriel
34;223;Villamoronta
34;224;Villamuera de la Cueza
34;225;Villamuriel de Cerrato
34;227;Villanueva del Rebollar
34;228;Villanuño de Valdavia
34;229;Villaprovedo
34;230;Villarmentero de Campos
34;231;Villarrabé
34;232;Villarramiel
34;233;Villasarracino
34;234;Villasila de Valdavia
34;236;Villaturde
34;237;Villaumbrales
34;238;Villaviudas
34;240;Villerías de Campos
34;241;Villodre
34;242;Villodrigo
34;243;Villoldo
34;245;Villota del Páramo
34;246;Villovieco
37;1;Abusejo
37;2;Agallas
37;3;Ahigal de los Aceiteros
37;4;Ahigal de Villarino
37;5;Alameda de Gardón, La
37;6;Alamedilla, La
37;7;Alaraz
37;8;Alba de Tormes
37;9;Alba de Yeltes
37;10;Alberca, La
37;11;Alberguería de Argañán, La
37;12;Alconada
37;15;Aldea del Obispo
37;13;Aldeacipreste
37;14;Aldeadávila de la Ribera
37;16;Aldealengua
37;17;Aldeanueva de Figueroa
37;18;Aldeanueva de la Sierra
37;19;Aldearrodrigo
37;20;Aldearrubia
37;21;Aldeaseca de Alba
37;22;Aldeaseca de la Frontera
37;23;Aldeatejada
37;24;Aldeavieja de Tormes
37;25;Aldehuela de la Bóveda
37;26;Aldehuela de Yeltes
37;27;Almenara de Tormes
37;28;Almendra
37;29;Anaya de Alba
37;30;Añover de Tormes
37;31;Arabayona de Mógica
37;32;Arapiles
37;33;Arcediano
37;34;Arco, El
37;35;Armenteros
37;37;Atalaya, La
37;38;Babilafuente
37;39;Bañobárez
37;40;Barbadillo
37;41;Barbalos
37;42;Barceo
37;44;Barruecopardo
37;45;Bastida, La
37;46;Béjar
37;47;Beleña
37;49;Bermellar
37;50;Berrocal de Huebra
37;51;Berrocal de Salvatierra
37;52;Boada
37;54;Bodón, El
37;55;Bogajo
37;56;Bouza, La
37;57;Bóveda del Río Almar
37;58;Brincones
37;59;Buenamadre
37;60;Buenavista
37;61;Cabaco, El
37;63;Cabeza de Béjar, La
37;65;Cabeza del Caballo
37;62;Cabezabellosa de la Calzada
37;67;Cabrerizos
37;68;Cabrillas
37;69;Calvarrasa de Abajo
37;70;Calvarrasa de Arriba
37;71;Calzada de Béjar, La
37;72;Calzada de Don Diego
37;73;Calzada de Valdunciel
37;74;Campillo de Azaba
37;77;Campo de Peñaranda, El
37;78;Candelario
37;79;Canillas de Abajo
37;80;Cantagallo
37;81;Cantalapiedra
37;82;Cantalpino
37;83;Cantaracillo
37;85;Carbajosa de la Sagrada
37;86;Carpio de Azaba
37;87;Carrascal de Barregas
37;88;Carrascal del Obispo
37;89;Casafranca
37;90;Casas del Conde, Las
37;91;Casillas de Flores
37;92;Castellanos de Moriscos
37;185;Castellanos de Villiquera
37;96;Castillejo de Martín Viejo
37;97;Castraz
37;98;Cepeda
37;99;Cereceda de la Sierra
37;100;Cerezal de Peñahorcada
37;101;Cerralbo
37;102;Cerro, El
37;103;Cespedosa de Tormes
37;114;Chagarcía Medianero
37;104;Cilleros de la Bastida
37;106;Cipérez
37;107;Ciudad Rodrigo
37;108;Coca de Alba
37;109;Colmenar de Montemayor
37;110;Cordovilla
37;112;Cristóbal
37;113;Cubo de Don Sancho, El
37;115;Dios le Guarde
37;116;Doñinos de Ledesma
37;117;Doñinos de Salamanca
37;118;Éjeme
37;120;Encina de San Silvestre
37;119;Encina, La
37;121;Encinas de Abajo
37;122;Encinas de Arriba
37;123;Encinasola de los Comendadores
37;124;Endrinal
37;125;Escurial de la Sierra
37;126;Espadaña
37;127;Espeja
37;128;Espino de la Orbada
37;129;Florida de Liébana
37;130;Forfoleda
37;131;Frades de la Sierra
37;132;Fregeneda, La
37;133;Fresnedoso
37;134;Fresno Alhándiga
37;135;Fuente de San Esteban, La
37;136;Fuenteguinaldo
37;137;Fuenteliante
37;138;Fuenterroble de Salvatierra
37;139;Fuentes de Béjar
37;140;Fuentes de Oñoro
37;141;Gajates
37;142;Galindo y Perahuy
37;143;Galinduste
37;144;Galisancho
37;145;Gallegos de Argañán
37;146;Gallegos de Solmirón
37;147;Garcibuey
37;148;Garcihernández
37;149;Garcirrey
37;150;Gejuelo del Barro
37;151;Golpejas
37;152;Gomecello
37;154;Guadramiro
37;155;Guijo de Ávila
37;156;Guijuelo
37;157;Herguijuela de Ciudad Rodrigo
37;158;Herguijuela de la Sierra
37;159;Herguijuela del Campo
37;160;Hinojosa de Duero
37;161;Horcajo de Montemayor
37;162;Horcajo Medianero
37;163;Hoya, La
37;164;Huerta
37;165;Iruelos
37;166;Ituero de Azaba
37;167;Juzbado
37;168;Lagunilla
37;169;Larrodrigo
37;170;Ledesma
37;171;Ledrada
37;172;Linares de Riofrío
37;173;Lumbrales
37;175;Machacón
37;174;Macotera
37;176;Madroñal
37;177;Maíllo, El
37;178;Malpartida
37;179;Mancera de Abajo
37;180;Manzano, El
37;181;Martiago
37;183;Martín de Yeltes
37;182;Martinamor
37;184;Masueco
37;186;Mata de Ledesma, La
37;187;Matilla de los Caños del Río
37;188;Maya, La
37;189;Membribe de la Sierra
37;190;Mieza
37;191;Milano, El
37;192;Miranda de Azán
37;193;Miranda del Castañar
37;194;Mogarraz
37;195;Molinillo
37;196;Monforte de la Sierra
37;197;Monleón
37;198;Monleras
37;199;Monsagro
37;200;Montejo
37;201;Montemayor del Río
37;202;Monterrubio de Armuña
37;203;Monterrubio de la Sierra
37;204;Morasverdes
37;205;Morille
37;206;Moríñigo
37;207;Moriscos
37;208;Moronta
37;209;Mozárbez
37;211;Narros de Matalayegua
37;213;Nava de Béjar
37;214;Nava de Francia
37;215;Nava de Sotrobal
37;212;Navacarros
37;216;Navales
37;217;Navalmoral de Béjar
37;218;Navamorales
37;219;Navarredonda de la Rinconada
37;221;Navasfrías
37;222;Negrilla de Palencia
37;223;Olmedo de Camaces
37;224;Orbada, La
37;225;Pajares de la Laguna
37;226;Palacios del Arzobispo
37;228;Palaciosrubios
37;229;Palencia de Negrilla
37;230;Parada de Arriba
37;231;Parada de Rubiales
37;232;Paradinas de San Juan
37;233;Pastores
37;234;Payo, El
37;235;Pedraza de Alba
37;236;Pedrosillo de Alba
37;237;Pedrosillo de los Aires
37;238;Pedrosillo el Ralo
37;239;Pedroso de la Armuña, El
37;240;Pelabravo
37;241;Pelarrodríguez
37;242;Pelayos
37;243;Peña, La
37;244;Peñacaballera
37;245;Peñaparda
37;246;Peñaranda de Bracamonte
37;247;Peñarandilla
37;248;Peralejos de Abajo
37;249;Peralejos de Arriba
37;250;Pereña de la Ribera
37;251;Peromingo
37;252;Pinedas
37;253;Pino de Tormes, El
37;254;Pitiegua
37;255;Pizarral
37;256;Poveda de las Cintas
37;257;Pozos de Hinojo
37;258;Puebla de Azaba
37;259;Puebla de San Medel
37;260;Puebla de Yeltes
37;261;Puente del Congosto
37;262;Puertas
37;263;Puerto de Béjar
37;264;Puerto Seguro
37;265;Rágama
37;266;Redonda, La
37;267;Retortillo
37;268;Rinconada de la Sierra, La
37;269;Robleda
37;270;Robliza de Cojos
37;271;Rollán
37;272;Saelices el Chico
37;273;Sagrada, La
37;303;Sahugo, El
37;274;Salamanca
37;275;Saldeana
37;276;Salmoral
37;277;Salvatierra de Tormes
37;278;San Cristóbal de la Cuesta
37;284;San Esteban de la Sierra
37;285;San Felices de los Gallegos
37;286;San Martín del Castañar
37;287;San Miguel de Valero
37;36;San Miguel del Robledo
37;288;San Morales
37;289;San Muñoz
37;291;San Pedro de Rozados
37;290;San Pedro del Valle
37;292;San Pelayo de Guareña
37;280;Sanchón de la Ribera
37;281;Sanchón de la Sagrada
37;282;Sanchotello
37;279;Sancti-Spíritus
37;283;Sando
37;293;Santa María de Sando
37;294;Santa Marta de Tormes
37;296;Santiago de la Puebla
37;297;Santibáñez de Béjar
37;298;Santibáñez de la Sierra
37;299;Santiz
37;300;Santos, Los
37;301;Sardón de los Frailes
37;302;Saucelle
37;304;Sepulcro-Hilario
37;305;Sequeros
37;306;Serradilla del Arroyo
37;307;Serradilla del Llano
37;309;Sierpe, La
37;310;Sieteiglesias de Tormes
37;311;Sobradillo
37;312;Sorihuela
37;313;Sotoserrano
37;314;Tabera de Abajo
37;315;Tala, La
37;316;Tamames
37;317;Tarazona de Guareña
37;318;Tardáguila
37;319;Tejado, El
37;320;Tejeda y Segoyuela
37;321;Tenebrón
37;322;Terradillos
37;323;Topas
37;324;Tordillos
37;325;Tornadizo, El
37;327;Torresmenudas
37;328;Trabanca
37;329;Tremedal de Tormes
37;330;Valdecarros
37;331;Valdefuentes de Sangusín
37;332;Valdehijaderos
37;333;Valdelacasa
37;334;Valdelageve
37;335;Valdelosa
37;336;Valdemierque
37;337;Valderrodrigo
37;338;Valdunciel
37;339;Valero
37;343;Vallejera de Riofrío
37;340;Valsalabroso
37;341;Valverde de Valdelacasa
37;342;Valverdón
37;344;Vecinos
37;345;Vega de Tirados
37;346;Veguillas, Las
37;347;Vellés, La
37;348;Ventosa del Río Almar
37;349;Vídola, La
37;351;Villaflores
37;352;Villagonzalo de Tormes
37;353;Villalba de los Llanos
37;354;Villamayor
37;355;Villanueva del Conde
37;356;Villar de Argañán
37;357;Villar de Ciervo
37;358;Villar de Gallimazo
37;359;Villar de la Yegua
37;360;Villar de Peralonso
37;361;Villar de Samaniego
37;362;Villares de la Reina
37;363;Villares de Yeltes
37;364;Villarino de los Aires
37;365;Villarmayor
37;366;Villarmuerto
37;367;Villasbuenas
37;368;Villasdardo
37;369;Villaseco de los Gamitos
37;370;Villaseco de los Reyes
37;371;Villasrubias
37;372;Villaverde de Guareña
37;373;Villavieja de Yeltes
37;374;Villoria
37;375;Villoruela
37;350;Vilvestre
37;376;Vitigudino
37;377;Yecla de Yeltes
37;378;Zamarra
37;379;Zamayón
37;380;Zarapicos
37;381;Zarza de Pumareda, La
37;382;Zorita de la Frontera
40;1;Abades
40;2;Adrada de Pirón
40;3;Adrados
40;4;Aguilafuente
40;5;Alconada de Maderuelo
40;12;Aldea Real
40;6;Aldealcorvo
40;7;Aldealengua de Pedraza
40;8;Aldealengua de Santa María
40;9;Aldeanueva de la Serrezuela
40;10;Aldeanueva del Codonal
40;13;Aldeasoña
40;14;Aldehorno
40;15;Aldehuela del Codonal
40;16;Aldeonte
40;17;Anaya
40;18;Añe
40;19;Arahuetes
40;20;Arcones
40;21;Arevalillo de Cega
40;22;Armuña
40;24;Ayllón
40;25;Barbolla
40;26;Basardilla
40;28;Bercial
40;29;Bercimuel
40;30;Bernardos
40;31;Bernuy de Porreros
40;32;Boceguillas
40;33;Brieva
40;34;Caballar
40;35;Cabañas de Polendos
40;36;Cabezuela
40;37;Calabazas de Fuentidueña
40;39;Campo de San Pedro
40;40;Cantalejo
40;41;Cantimpalos
40;161;Carabias
40;43;Carbonero el Mayor
40;44;Carrascal del Río
40;45;Casla
40;46;Castillejo de Mesleón
40;47;Castro de Fuentidueña
40;48;Castrojimeno
40;49;Castroserna de Abajo
40;51;Castroserracín
40;52;Cedillo de la Torre
40;53;Cerezo de Abajo
40;54;Cerezo de Arriba
40;65;Chañe
40;55;Cilleruelo de San Mamés
40;56;Cobos de Fuentidueña
40;57;Coca
40;58;Codorniz
40;59;Collado Hermoso
40;60;Condado de Castilnovo
40;61;Corral de Ayllón
40;902;Cozuelos de Fuentidueña
40;62;Cubillo
40;63;Cuéllar
40;905;Cuevas de Provanco
40;68;Domingo García
40;69;Donhierro
40;70;Duruelo
40;71;Encinas
40;72;Encinillas
40;73;Escalona del Prado
40;74;Escarabajosa de Cabezas
40;75;Escobar de Polendos
40;76;Espinar, El
40;77;Espirdo
40;78;Fresneda de Cuéllar
40;79;Fresno de Cantespino
40;80;Fresno de la Fuente
40;81;Frumales
40;82;Fuente de Santa Cruz
40;83;Fuente el Olmo de Fuentidueña
40;84;Fuente el Olmo de Íscar
40;86;Fuentepelayo
40;87;Fuentepiñel
40;88;Fuenterrebollo
40;89;Fuentesaúco de Fuentidueña
40;91;Fuentesoto
40;92;Fuentidueña
40;93;Gallegos
40;94;Garcillán
40;95;Gomezserracín
40;97;Grajera
40;99;Honrubia de la Cuesta
40;100;Hontalbilla
40;101;Hontanares de Eresma
40;103;Huertos, Los
40;104;Ituero y Lama
40;105;Juarros de Riomoros
40;106;Juarros de Voltoya
40;107;Labajos
40;108;Laguna de Contreras
40;109;Languilla
40;110;Lastras de Cuéllar
40;111;Lastras del Pozo
40;112;Lastrilla, La
40;113;Losa, La
40;115;Maderuelo
40;903;Marazoleja
40;118;Marazuela
40;119;Martín Miguel
40;120;Martín Muñoz de la Dehesa
40;121;Martín Muñoz de las Posadas
40;122;Marugán
40;124;Mata de Cuéllar
40;123;Matabuena
40;125;Matilla, La
40;126;Melque de Cercos
40;127;Membibre de la Hoz
40;128;Migueláñez
40;129;Montejo de Arévalo
40;130;Montejo de la Vega de la Serrezuela
40;131;Monterrubio
40;132;Moral de Hornuez
40;134;Mozoncillo
40;135;Muñopedro
40;136;Muñoveros
40;138;Nava de la Asunción
40;139;Navafría
40;140;Navalilla
40;141;Navalmanzano
40;142;Navares de Ayuso
40;143;Navares de Enmedio
40;144;Navares de las Cuevas
40;145;Navas de Oro
40;904;Navas de Riofrío
40;146;Navas de San Antonio
40;148;Nieva
40;149;Olombrada
40;150;Orejana
40;151;Ortigosa de Pestaño
40;901;Ortigosa del Monte
40;152;Otero de Herreros
40;154;Pajarejos
40;155;Palazuelos de Eresma
40;156;Pedraza
40;157;Pelayos del Arroyo
40;158;Perosillo
40;159;Pinarejos
40;160;Pinarnegrillo
40;162;Prádena
40;163;Puebla de Pedraza
40;164;Rapariegos
40;181;Real Sitio de San Ildefonso
40;165;Rebollo
40;166;Remondo
40;168;Riaguas de San Bartolomé
40;170;Riaza
40;171;Ribota
40;172;Riofrío de Riaza
40;173;Roda de Eresma
40;174;Sacramenia
40;176;Samboal
40;177;San Cristóbal de Cuéllar
40;178;San Cristóbal de la Vega
40;906;San Cristóbal de Segovia
40;182;San Martín y Mudrián
40;183;San Miguel de Bernuy
40;184;San Pedro de Gaíllos
40;179;Sanchonuño
40;180;Sangarcía
40;185;Santa María la Real de Nieva
40;186;Santa Marta del Cerro
40;188;Santiuste de Pedraza
40;189;Santiuste de San Juan Bautista
40;190;Santo Domingo de Pirón
40;191;Santo Tomé del Puerto
40;192;Sauquillo de Cabezas
40;193;Sebúlcor
40;194;Segovia
40;195;Sepúlveda
40;196;Sequera de Fresno
40;198;Sotillo
40;199;Sotosalbos
40;200;Tabanera la Luenga
40;201;Tolocirio
40;206;Torre Val de San Pedro
40;202;Torreadrada
40;203;Torrecaballeros
40;204;Torrecilla del Pinar
40;205;Torreiglesias
40;207;Trescasas
40;208;Turégano
40;210;Urueñas
40;211;Valdeprados
40;212;Valdevacas de Montejo
40;213;Valdevacas y Guijar
40;218;Valle de Tabladillo
40;219;Vallelado
40;220;Valleruela de Pedraza
40;221;Valleruela de Sepúlveda
40;214;Valseca
40;215;Valtiendas
40;216;Valverde del Majano
40;222;Veganzones
40;223;Vegas de Matute
40;224;Ventosilla y Tejadilla
40;225;Villacastín
40;228;Villaverde de Íscar
40;229;Villaverde de Montejo
40;230;Villeguillo
40;231;Yanguas de Eresma
40;233;Zarzuela del Monte
40;234;Zarzuela del Pinar
42;1;Abejar
42;3;Adradas
42;4;Ágreda
42;6;Alconaba
42;7;Alcubilla de Avellaneda
42;8;Alcubilla de las Peñas
42;9;Aldealafuente
42;10;Aldealices
42;11;Aldealpozo
42;12;Aldealseñor
42;13;Aldehuela de Periáñez
42;14;Aldehuelas, Las
42;15;Alentisque
42;16;Aliud
42;17;Almajano
42;18;Almaluez
42;19;Almarza
42;20;Almazán
42;21;Almazul
42;22;Almenar de Soria
42;23;Alpanseque
42;24;Arancón
42;25;Arcos de Jalón
42;26;Arenillas
42;27;Arévalo de la Sierra
42;28;Ausejo de la Sierra
42;29;Baraona
42;30;Barca
42;31;Barcones
42;32;Bayubas de Abajo
42;33;Bayubas de Arriba
42;34;Beratón
42;35;Berlanga de Duero
42;36;Blacos
42;37;Bliecos
42;38;Borjabad
42;39;Borobia
42;41;Buberos
42;42;Buitrago
42;43;Burgo de Osma-Ciudad de Osma
42;44;Cabrejas del Campo
42;45;Cabrejas del Pinar
42;46;Calatañazor
42;48;Caltojar
42;49;Candilichera
42;50;Cañamaque
42;51;Carabantes
42;52;Caracena
42;53;Carrascosa de Abajo
42;54;Carrascosa de la Sierra
42;55;Casarejos
42;56;Castilfrío de la Sierra
42;58;Castillejo de Robledo
42;57;Castilruiz
42;59;Centenera de Andaluz
42;60;Cerbón
42;61;Cidones
42;62;Cigudosa
42;63;Cihuela
42;64;Ciria
42;65;Cirujales del Río
42;68;Coscurita
42;69;Covaleda
42;70;Cubilla
42;71;Cubo de la Solana
42;73;Cueva de Ágreda
42;75;Dévanos
42;76;Deza
42;78;Duruelo de la Sierra
42;79;Escobosa de Almazán
42;80;Espeja de San Marcelino
42;81;Espejón
42;82;Estepa de San Juan
42;83;Frechilla de Almazán
42;84;Fresno de Caracena
42;85;Fuentearmegil
42;86;Fuentecambrón
42;87;Fuentecantos
42;88;Fuentelmonge
42;89;Fuentelsaz de Soria
42;90;Fuentepinilla
42;92;Fuentes de Magaña
42;93;Fuentestrún
42;94;Garray
42;95;Golmayo
42;96;Gómara
42;97;Gormaz
42;98;Herrera de Soria
42;100;Hinojosa del Campo
42;103;Langa de Duero
42;105;Liceras
42;106;Losilla, La
42;107;Magaña
42;108;Maján
42;110;Matalebreras
42;111;Matamala de Almazán
42;113;Medinaceli
42;115;Miño de Medinaceli
42;116;Miño de San Esteban
42;117;Molinos de Duero
42;118;Momblona
42;119;Monteagudo de las Vicarías
42;120;Montejo de Tiermes
42;121;Montenegro de Cameros
42;123;Morón de Almazán
42;124;Muriel de la Fuente
42;125;Muriel Viejo
42;127;Nafría de Ucero
42;128;Narros
42;129;Navaleno
42;130;Nepas
42;131;Nolay
42;132;Noviercas
42;134;Ólvega
42;135;Oncala
42;139;Pinilla del Campo
42;140;Portillo de Soria
42;141;Póveda de Soria, La
42;142;Pozalmuro
42;144;Quintana Redonda
42;145;Quintanas de Gormaz
42;148;Quiñonería
42;149;Rábanos, Los
42;151;Rebollar
42;152;Recuerda
42;153;Rello
42;154;Renieblas
42;155;Retortillo de Soria
42;156;Reznos
42;157;Riba de Escalote, La
42;158;Rioseco de Soria
42;159;Rollamienta
42;160;Royo, El
42;161;Salduero
42;162;San Esteban de Gormaz
42;163;San Felices
42;164;San Leonardo de Yagüe
42;165;San Pedro Manrique
42;166;Santa Cruz de Yanguas
42;167;Santa María de Huerta
42;168;Santa María de las Hoyas
42;171;Serón de Nágima
42;172;Soliedra
42;173;Soria
42;174;Sotillo del Rincón
42;175;Suellacabras
42;176;Tajahuerce
42;177;Tajueco
42;178;Talveila
42;181;Tardelcuende
42;182;Taroda
42;183;Tejado
42;184;Torlengua
42;185;Torreblacos
42;187;Torrubia de Soria
42;188;Trévago
42;189;Ucero
42;190;Vadillo
42;191;Valdeavellano de Tera
42;192;Valdegeña
42;193;Valdelagua del Cerro
42;194;Valdemaluque
42;195;Valdenebro
42;196;Valdeprado
42;197;Valderrodilla
42;198;Valtajeros
42;200;Velamazán
42;201;Velilla de la Sierra
42;202;Velilla de los Ajos
42;204;Viana de Duero
42;205;Villaciervos
42;206;Villanueva de Gormaz
42;207;Villar del Ala
42;208;Villar del Campo
42;209;Villar del Río
42;211;Villares de Soria, Los
42;212;Villasayas
42;213;Villaseca de Arciel
42;215;Vinuesa
42;216;Vizmanos
42;217;Vozmediano
42;218;Yanguas
42;219;Yelo
47;1;Adalia
47;2;Aguasal
47;3;Aguilar de Campos
47;4;Alaejos
47;5;Alcazarén
47;6;Aldea de San Miguel
47;7;Aldeamayor de San Martín
47;8;Almenara de Adaja
47;9;Amusquillo
47;10;Arroyo de la Encomienda
47;11;Ataquines
47;12;Bahabón
47;13;Barcial de la Loma
47;14;Barruelo del Valle
47;15;Becilla de Valderaduey
47;16;Benafarces
47;17;Bercero
47;18;Berceruelo
47;19;Berrueces
47;20;Bobadilla del Campo
47;21;Bocigas
47;22;Bocos de Duero
47;23;Boecillo
47;24;Bolaños de Campos
47;25;Brahojos de Medina
47;26;Bustillo de Chaves
47;27;Cabezón de Pisuerga
47;28;Cabezón de Valderaduey
47;29;Cabreros del Monte
47;30;Campaspero
47;31;Campillo, El
47;32;Camporredondo
47;33;Canalejas de Peñafiel
47;34;Canillas de Esgueva
47;35;Carpio
47;36;Casasola de Arión
47;37;Castrejón de Trabancos
47;38;Castrillo de Duero
47;39;Castrillo-Tejeriego
47;40;Castrobol
47;41;Castrodeza
47;42;Castromembibre
47;43;Castromonte
47;44;Castronuevo de Esgueva
47;45;Castronuño
47;46;Castroponce
47;47;Castroverde de Cerrato
47;48;Ceinos de Campos
47;49;Cervillego de la Cruz
47;50;Cigales
47;51;Ciguñuela
47;52;Cistérniga
47;53;Cogeces de Íscar
47;54;Cogeces del Monte
47;55;Corcos
47;56;Corrales de Duero
47;57;Cubillas de Santa Marta
47;58;Cuenca de Campos
47;59;Curiel de Duero
47;60;Encinas de Esgueva
47;61;Esguevillas de Esgueva
47;62;Fombellida
47;63;Fompedraza
47;64;Fontihoyuelo
47;65;Fresno el Viejo
47;66;Fuensaldaña
47;67;Fuente el Sol
47;68;Fuente-Olmedo
47;69;Gallegos de Hornija
47;70;Gatón de Campos
47;71;Geria
47;73;Herrín de Campos
47;74;Hornillos de Eresma
47;75;Íscar
47;76;Laguna de Duero
47;77;Langayo
47;79;Llano de Olmedo
47;78;Lomoviejo
47;80;Manzanillo
47;81;Marzales
47;82;Matapozuelos
47;83;Matilla de los Caños
47;84;Mayorga
47;86;Medina de Rioseco
47;85;Medina del Campo
47;87;Megeces
47;88;Melgar de Abajo
47;89;Melgar de Arriba
47;90;Mojados
47;91;Monasterio de Vega
47;92;Montealegre de Campos
47;93;Montemayor de Pililla
47;94;Moral de la Reina
47;95;Moraleja de las Panaderas
47;96;Morales de Campos
47;97;Mota del Marqués
47;98;Mucientes
47;99;Mudarra, La
47;100;Muriel
47;101;Nava del Rey
47;102;Nueva Villa de las Torres
47;103;Olivares de Duero
47;104;Olmedo
47;105;Olmos de Esgueva
47;106;Olmos de Peñafiel
47;109;Palazuelo de Vedija
47;110;Parrilla, La
47;111;Pedraja de Portillo, La
47;112;Pedrajas de San Esteban
47;113;Pedrosa del Rey
47;114;Peñafiel
47;115;Peñaflor de Hornija
47;116;Pesquera de Duero
47;117;Piña de Esgueva
47;118;Piñel de Abajo
47;119;Piñel de Arriba
47;121;Pollos
47;122;Portillo
47;123;Pozal de Gallinas
47;124;Pozaldez
47;125;Pozuelo de la Orden
47;126;Puras
47;127;Quintanilla de Arriba
47;129;Quintanilla de Onésimo
47;130;Quintanilla de Trigueros
47;128;Quintanilla del Molar
47;131;Rábano
47;132;Ramiro
47;133;Renedo de Esgueva
47;134;Roales de Campos
47;135;Robladillo
47;137;Roturas
47;138;Rubí de Bracamonte
47;139;Rueda
47;140;Saelices de Mayorga
47;141;Salvador de Zapardiel
47;142;San Cebrián de Mazote
47;143;San Llorente
47;144;San Martín de Valvení
47;145;San Miguel del Arroyo
47;146;San Miguel del Pino
47;147;San Pablo de la Moraleja
47;148;San Pedro de Latarce
47;149;San Pelayo
47;150;San Román de Hornija
47;151;San Salvador
47;156;San Vicente del Palacio
47;152;Santa Eufemia del Arroyo
47;153;Santervás de Campos
47;154;Santibáñez de Valcorba
47;155;Santovenia de Pisuerga
47;157;Sardón de Duero
47;158;Seca, La
47;159;Serrada
47;160;Siete Iglesias de Trabancos
47;161;Simancas
47;162;Tamariz de Campos
47;163;Tiedra
47;164;Tordehumos
47;165;Tordesillas
47;169;Torre de Esgueva
47;170;Torre de Peñafiel
47;166;Torrecilla de la Abadesa
47;167;Torrecilla de la Orden
47;168;Torrecilla de la Torre
47;171;Torrelobatón
47;172;Torrescárcela
47;173;Traspinedo
47;174;Trigueros del Valle
47;175;Tudela de Duero
47;176;Unión de Campos, La
47;177;Urones de Castroponce
47;178;Urueña
47;179;Valbuena de Duero
47;180;Valdearcos de la Vega
47;181;Valdenebro de los Valles
47;182;Valdestillas
47;183;Valdunquillo
47;186;Valladolid
47;184;Valoria la Buena
47;185;Valverde de Campos
47;187;Vega de Ruiponce
47;188;Vega de Valdetronco
47;189;Velascálvaro
47;190;Velilla
47;191;Velliza
47;192;Ventosa de la Cuesta
47;193;Viana de Cega
47;195;Villabáñez
47;196;Villabaruz de Campos
47;197;Villabrágima
47;198;Villacarralón
47;199;Villacid de Campos
47;200;Villaco
47;203;Villafrades de Campos
47;204;Villafranca de Duero
47;205;Villafrechós
47;206;Villafuerte
47;207;Villagarcía de Campos
47;208;Villagómez la Nueva
47;209;Villalán de Campos
47;210;Villalar de los Comuneros
47;211;Villalba de la Loma
47;212;Villalba de los Alcores
47;213;Villalbarba
47;214;Villalón de Campos
47;215;Villamuriel de Campos
47;216;Villán de Tordesillas
47;217;Villanubla
47;218;Villanueva de Duero
47;219;Villanueva de la Condesa
47;220;Villanueva de los Caballeros
47;221;Villanueva de los Infantes
47;222;Villanueva de San Mancio
47;223;Villardefrades
47;224;Villarmentero de Esgueva
47;225;Villasexmir
47;226;Villavaquerín
47;227;Villavellid
47;228;Villaverde de Medina
47;229;Villavicencio de los Caballeros
47;194;Viloria
47;230;Wamba
47;231;Zaratán
47;232;Zarza, La
49;2;Abezames
49;3;Alcañices
49;4;Alcubilla de Nogales
49;5;Alfaraz de Sayago
49;6;Algodre
49;7;Almaraz de Duero
49;8;Almeida de Sayago
49;9;Andavías
49;10;Arcenillas
49;11;Arcos de la Polvorosa
49;12;Argañín
49;13;Argujillo
49;14;Arquillinos
49;15;Arrabalde
49;16;Aspariegos
49;17;Asturianos
49;18;Ayoó de Vidriales
49;19;Barcial del Barco
49;20;Belver de los Montes
49;21;Benavente
49;22;Benegiles
49;23;Bermillo de Sayago
49;24;Bóveda de Toro, La
49;25;Bretó
49;26;Bretocino
49;27;Brime de Sog
49;28;Brime de Urz
49;29;Burganes de Valverde
49;30;Bustillo del Oro
49;31;Cabañas de Sayago
49;32;Calzadilla de Tera
49;33;Camarzana de Tera
49;34;Cañizal
49;35;Cañizo
49;36;Carbajales de Alba
49;37;Carbellino
49;38;Casaseca de Campeán
49;39;Casaseca de las Chanas
49;40;Castrillo de la Guareña
49;41;Castrogonzalo
49;42;Castronuevo
49;43;Castroverde de Campos
49;44;Cazurra
49;46;Cerecinos de Campos
49;47;Cerecinos del Carrizal
49;48;Cernadilla
49;50;Cobreros
49;52;Coomonte
49;53;Coreses
49;54;Corrales del Vino
49;55;Cotanes del Monte
49;56;Cubillos
49;57;Cubo de Benavente
49;58;Cubo de Tierra del Vino, El
49;59;Cuelgamures
49;61;Entrala
49;62;Espadañedo
49;63;Faramontanos de Tábara
49;64;Fariza
49;65;Fermoselle
49;66;Ferreras de Abajo
49;67;Ferreras de Arriba
49;68;Ferreruela
49;69;Figueruela de Arriba
49;71;Fonfría
49;75;Fresno de la Polvorosa
49;76;Fresno de la Ribera
49;77;Fresno de Sayago
49;78;Friera de Valverde
49;79;Fuente Encalada
49;80;Fuentelapeña
49;82;Fuentes de Ropel
49;81;Fuentesaúco
49;83;Fuentesecas
49;84;Fuentespreadas
49;85;Galende
49;86;Gallegos del Pan
49;87;Gallegos del Río
49;88;Gamones
49;90;Gema
49;91;Granja de Moreruela
49;92;Granucillo
49;93;Guarrate
49;94;Hermisende
49;95;Hiniesta, La
49;96;Jambrina
49;97;Justel
49;98;Losacino
49;99;Losacio
49;100;Lubián
49;101;Luelmo
49;102;Maderal, El
49;103;Madridanos
49;104;Mahide
49;105;Maire de Castroponce
49;107;Malva
49;108;Manganeses de la Lampreana
49;109;Manganeses de la Polvorosa
49;110;Manzanal de Arriba
49;112;Manzanal de los Infantes
49;111;Manzanal del Barco
49;113;Matilla de Arzón
49;114;Matilla la Seca
49;115;Mayalde
49;116;Melgar de Tera
49;117;Micereces de Tera
49;118;Milles de la Polvorosa
49;119;Molacillos
49;120;Molezuelas de la Carballeda
49;121;Mombuey
49;122;Monfarracinos
49;123;Montamarta
49;124;Moral de Sayago
49;126;Moraleja de Sayago
49;125;Moraleja del Vino
49;128;Morales de Rey
49;129;Morales de Toro
49;130;Morales de Valverde
49;127;Morales del Vino
49;131;Moralina
49;132;Moreruela de los Infanzones
49;133;Moreruela de Tábara
49;134;Muelas de los Caballeros
49;135;Muelas del Pan
49;136;Muga de Sayago
49;137;Navianos de Valverde
49;138;Olmillos de Castro
49;139;Otero de Bodas
49;141;Pajares de la Lampreana
49;143;Palacios de Sanabria
49;142;Palacios del Pan
49;145;Pedralba de la Pradería
49;146;Pego, El
49;147;Peleagonzalo
49;148;Peleas de Abajo
49;149;Peñausende
49;150;Peque
49;151;Perdigón, El
49;152;Pereruela
49;153;Perilla de Castro
49;154;Pías
49;155;Piedrahita de Castro
49;156;Pinilla de Toro
49;157;Pino del Oro
49;158;Piñero, El
49;160;Pobladura de Valderaduey
49;159;Pobladura del Valle
49;162;Porto
49;163;Pozoantiguo
49;164;Pozuelo de Tábara
49;165;Prado
49;166;Puebla de Sanabria
49;167;Pueblica de Valverde
49;170;Quintanilla de Urz
49;168;Quintanilla del Monte
49;169;Quintanilla del Olmo
49;171;Quiruelas de Vidriales
49;172;Rabanales
49;173;Rábano de Aliste
49;174;Requejo
49;175;Revellinos
49;176;Riofrío de Aliste
49;177;Rionegro del Puente
49;178;Roales
49;179;Robleda-Cervantes
49;180;Roelos de Sayago
49;181;Rosinos de la Requejada
49;183;Salce
49;184;Samir de los Caños
49;185;San Agustín del Pozo
49;186;San Cebrián de Castro
49;187;San Cristóbal de Entreviñas
49;188;San Esteban del Molar
49;189;San Justo
49;190;San Martín de Valderaduey
49;191;San Miguel de la Ribera
49;192;San Miguel del Valle
49;193;San Pedro de Ceque
49;194;San Pedro de la Nave-Almendra
49;208;San Vicente de la Cabeza
49;209;San Vitero
49;197;Santa Clara de Avedillo
49;199;Santa Colomba de las Monjas
49;200;Santa Cristina de la Polvorosa
49;201;Santa Croya de Tera
49;202;Santa Eufemia del Barco
49;203;Santa María de la Vega
49;204;Santa María de Valverde
49;205;Santibáñez de Tera
49;206;Santibáñez de Vidriales
49;207;Santovenia
49;210;Sanzoles
49;214;Tábara
49;216;Tapioles
49;219;Toro
49;220;Torre del Valle, La
49;221;Torregamones
49;222;Torres del Carrizal
49;223;Trabazos
49;224;Trefacio
49;225;Uña de Quintana
49;226;Vadillo de la Guareña
49;227;Valcabado
49;228;Valdefinjas
49;229;Valdescorriel
49;230;Vallesa de la Guareña
49;231;Vega de Tera
49;232;Vega de Villalobos
49;233;Vegalatrave
49;234;Venialbo
49;235;Vezdemarbán
49;236;Vidayanes
49;237;Videmala
49;238;Villabrázaro
49;239;Villabuena del Puente
49;240;Villadepera
49;241;Villaescusa
49;242;Villafáfila
49;243;Villaferrueña
49;244;Villageriz
49;245;Villalazán
49;246;Villalba de la Lampreana
49;247;Villalcampo
49;248;Villalobos
49;249;Villalonso
49;250;Villalpando
49;251;Villalube
49;252;Villamayor de Campos
49;255;Villamor de los Escuderos
49;256;Villanázar
49;257;Villanueva de Azoague
49;258;Villanueva de Campeán
49;259;Villanueva de las Peras
49;260;Villanueva del Campo
49;263;Villar de Fallaves
49;264;Villar del Buey
49;261;Villaralbo
49;262;Villardeciervos
49;265;Villardiegua de la Ribera
49;266;Villárdiga
49;267;Villardondiego
49;268;Villarrín de Campos
49;269;Villaseco del Pan
49;270;Villavendimio
49;272;Villaveza de Valverde
49;271;Villaveza del Agua
49;273;Viñas
49;275;Zamora
